ID;SCENE;FLOOD DATE;AOI;GRD;SLC;;;;;;;;
1;1111008;12/04/2018;1;S1A_IW_GRDH_1SDV_20200816T112156_20200816T112221_033931_03EFB3_AA39;S1A_IW_SLC__1SDV_20200816T112155_20200816T112223_033931_03EFB3_8915;;;;;;;;
;;;;S1A_IW_GRDH_1SDV_20200816T112156_20200816T112221_033931_03EFB3_AA39;S1A_IW_SLC__1SDV_20200816T112155_20200816T112223_033931_03EFB3_8915;;;;;;;;
2;118;X/X/X;1,2;S1A_IW_GRDH_1SDV_20200816T112156_20200816T112221_033931_03EFB3_AA39;S1A_IW_SLC__1SDV_20200816T112155_20200816T112223_033931_03EFB3_8915;;;;;;;;
3;205;X/X/X;1,3,4,5;S1A_IW_GRDH_1SDV_20170112T002510_20170112T002535_014791_018174_57B8;S1A_IW_SLC__1SDV_20170112T002509_20170112T002535_014791_018174_D79C;;;;;;;;
;;;5,6,11;S1A_IW_GRDH_1SDV_20200816T112156_20200816T112221_033931_03EFB3_AA39;S1A_IW_SLC__1SDV_20200816T112155_20200816T112223_033931_03EFB3_8915;;;;;;;;
;;;11;S1A_IW_GRDH_1SDV_20170915T060134_20170915T060159_018382_01EF0B_818B;S1A_IW_SLC__1SDV_20170915T060132_20170915T060200_018382_01EF0B_A9E2;;;;;;;;
;;;5,6,11;S1B_IW_GRDH_1SDV_20170915T175405_20170915T175430_007406_00D116_60F8;S1B_IW_SLC__1SDV_20170915T175404_20170915T175431_007406_00D116_7DFA;;;;;;;;
;;;5,6,11;S1A_IW_GRDH_1SDV_20180413T175451_20180413T175516_021452_024F10_6834;S1A_IW_SLC__1SDV_20180413T175450_20180413T175517_021452_024F10_2674;;;;;;;;
;;;5,6,11;S1A_IW_GRDH_1SDV_20180419T060107_20180419T060132_021532_02519D_258D;S1A_IW_SLC__1SDV_20180419T060106_20180419T060133_021532_02519D_A4C2;;;;;;;;
;;;11;S1A_IW_GRDH_1SDV_20180419T060132_20180419T060157_021532_02519D_B572;S1A_IW_SLC__1SDV_20180419T060131_20180419T060159_021532_02519D_4931;;;;;;;;
;;;;;;;;;;;;;
;321(HONDURAS);06/10/2018;1,2,3,4;S1A_IW_GRDH_1SDV_20171211T235728_20171211T235753_019662_021690_D65A;S1A_IW_SLC__1SDV_20171211T235727_20171211T235754_019662_021690_3C7C;;;;;;;;
;;;1,2,3,4;S1A_IW_GRDH_1SDV_20171223T235727_20171223T235752_019837_021BF1_A94B;S1A_IW_SLC__1SDV_20171223T235726_20171223T235753_019837_021BF1_2C6D;;;;;;;;
;;;1,2,3,4;S1A_IW_GRDH_1SDV_20181007T235735_20181007T235800_024037_02A069_19C2;S1A_IW_SLC__1SDV_20181007T235734_20181007T235801_024037_02A069_7F96;;;;;;;;
;;;;;;;;;;;;;
;324 (FRANCE);15/10/2018;1,2,3,4;S1B_IW_GRDH_1SDV_20180713T055148_20180713T055213_011788_015B03_A2CA;S1B_IW_SLC__1SDV_20180713T055147_20180713T055214_011788_015B03_3A99;;;;;;;;
;;;1,2,3,5;S1B_IW_GRDH_1SDV_20180830T055150_20180830T055215_012488_01707F_DEF6;S1B_IW_SLC__1SDV_20180830T055149_20180830T055216_012488_01707F_9D18;;;;;;;;
;;;1,2,3,6;S1A_IW_GRDH_1SDV_20181016T060051_20181016T060116_024157_02A459_BFCA;S1A_IW_SLC__1SDV_20181016T060050_20181016T060117_024157_02A459_FB1A;;;;;;;;
;;;;;;;;;;;;;
;411(FRANCE);23/11/2019;1;S1A_IW_GRDH_1SDV_20190902T053614_20190902T053639_028838_034486_5E9B;S1A_IW_SLC__1SDV_20190902T053613_20190902T053640_028838_034486_7601;;;;;;;;
;;;1;S1A_IW_GRDH_1SDV_20191020T053616_20191020T053641_029538_035CA3_A4C4;S1A_IW_SLC__1SDV_20191020T053614_20191020T053641_029538_035CA3_2C9F;;;;;;;;
;;;1;S1A_IW_GRDH_1SDV_20191125T053615_20191125T053640_030063_036EEE_FF7D;S1A_IW_SLC__1SDV_20191125T053614_20191125T053641_030063_036EEE_202B;;;;;;;;
;;;;;;;;;;;;;
;417(PORTUGAL);19/12/2019;1;S1A_IW_GRDH_1SDV_20190813T064250_20190813T064315_028547_033A73_88E2;S1A_IW_SLC__1SDV_20190813T064249_20190813T064316_028547_033A73_3906;;;;;;;;
;;;1;S1A_IW_GRDH_1SDV_20190825T064251_20190825T064316_028722_03407D_CA48;S1A_IW_SLC__1SDV_20190825T064249_20190825T064316_028722_03407D_F996;;;;;;;;
;;;1;S1A_IW_GRDH_1SDV_20191223T064251_20191223T064316_030472_037D16_1012;S1A_IW_SLC__1SDV_20191223T064249_20191223T064317_030472_037D16_158B;;;;;;;;
;;;;;;;;;;;;;
;421(FRANCE);22/01/2020;5;S1B_IW_GRDH_1SDV_20190603T173816_20190603T173841_016535_01F1FD_F674;S1B_IW_SLC__1SDV_20190603T173814_20190603T173841_016535_01F1FD_14D2;;;;;;;;
;;;5;S1B_IW_GRDH_1SDV_20190620T174626_20190620T174651_016783_01F95A_64DB;S1B_IW_SLC__1SDV_20190620T174624_20190620T174652_016783_01F95A_6A5F;;;;;;;;
;;;5;S1A_IW_GRDH_1SDV_20200123T173850_20200123T173915_030931_038D00_979B;S1A_IW_SLC__1SDV_20200123T173849_20200123T173916_030931_038D00_968B;;;;;;;;
;;;;;;;;;;;;;
;427 (SWEDEN);18/02/2020;3,4;S1A_IW_GRDH_1SDV_20190627T165351_20190627T165416_027868_03256D_0DB6;S1A_IW_SLC__1SDV_20190627T165350_20190627T165417_027868_03256D_BCDD;;;;;;;;
;;;3,4;S1A_IW_GRDH_1SDV_20190709T165351_20190709T165416_028043_032AC4_25A4;S1A_IW_SLC__1SDV_20190709T165350_20190709T165417_028043_032AC4_ED7D;;;;;;;;
;;;3,4;S1A_IW_GRDH_1SDV_20200222T165353_20200222T165418_031368_039C39_0BDE;S1A_IW_SLC__1SDV_20200222T165352_20200222T165419_031368_039C39_0353;;;;;;;;
;;;;;;;;;;;;;
;437(FRANCE);10/05/2020;7;S1B_IW_GRDH_1SDV_20200314T060816_20200314T060841_020684_027359_C45F;S1B_IW_SLC__1SDV_20200314T060815_20200314T060842_020684_027359_1A3A;;;;;;;;
;;;7;S1B_IW_GRDH_1SDV_20200407T060817_20200407T060842_021034_027E6A_2A51;S1B_IW_SLC__1SDV_20200407T060816_20200407T060843_021034_027E6A_A41F;;;;;;;;
;;;7;S1B_IW_GRDH_1SDV_20200513T060818_20200513T060843_021559_028EE8_45FA;S1B_IW_SLC__1SDV_20200513T060817_20200513T060844_021559_028EE8_45B5;;;;;;;;
;;;;;;;;;;;;;
;445(ROMANIA);26/06/2020;1;S1B_IW_GRDH_1SDV_20200602T160914_20200602T160939_021857_0297C3_BE17;S1B_IW_SLC__1SDV_20200602T160913_20200602T160940_021857_0297C3_3DD2;;;;;;;;
;;;1;S1B_IW_GRDH_1SDV_20200614T160915_20200614T160940_022032_029D01_DFB8;S1B_IW_SLC__1SDV_20200614T160913_20200614T160941_022032_029D01_9CE4;;;;;;;;
;;;1;S1B_IW_GRDH_1SDV_20200626T160915_20200626T160940_022207_02A256_2724;S1B_IW_SLC__1SDV_20200626T160914_20200626T160942_022207_02A256_E13F;;;;;;;;
