num;grd;slc;ocn;raw
1;S1A_IW_GRDH_1SDV_20200706T074222_20200706T074242_033331_03DC92_E012;S1A_IW_SLC__1SDV_20200706T074222_20200706T074242_033331_03DC92_2526;S1A_IW_OCN__2SDV_20200706T074222_20200706T074242_033331_03DC92_49FB;S1A_IW_RAW__0SDV_20200706T074219_20200706T074242_033331_03DC92_79AE
2;S1A_IW_GRDH_1SDV_20200407T052956_20200407T053025_032017_03B2E2_D038;S1A_IW_SLC__1SDV_20200407T052956_20200407T053026_032017_03B2E2_18FA;S1A_IW_OCN__2SDV_20200407T052956_20200407T053025_032017_03B2E2_C702;S1A_IW_RAW__0SDV_20200407T052956_20200407T053029_032017_03B2E2_4F42
3;S1A_IW_GRDH_1SDV_20200126T052956_20200126T053025_030967_038E50_B43E;S1A_IW_SLC__1SDV_20200126T052956_20200126T053026_030967_038E50_4681;S1A_IW_OCN__2SDV_20200126T052956_20200126T053025_030967_038E50_2C1D;S1A_IW_RAW__0SDV_20200126T052956_20200126T053029_030967_038E50_0A48
4;S1A_IW_GRDH_1SDV_20200503T051344_20200503T051413_032396_03C03F_AC94;S1A_IW_SLC__1SDV_20200503T051344_20200503T051413_032396_03C03F_CD9E;S1A_IW_OCN__2SDV_20200503T051344_20200503T051413_032396_03C03F_7F64;S1A_IW_RAW__0SDV_20200503T051344_20200503T051416_032396_03C03F_633F
5;S1A_IW_GRDH_1SDV_20200630T053000_20200630T053029_033242_03D9F7_2A78;S1A_IW_SLC__1SDV_20200630T053000_20200630T053030_033242_03D9F7_9D63;S1A_IW_OCN__2SDV_20200630T053000_20200630T053029_033242_03D9F7_3DB2;S1A_IW_RAW__0SDV_20200630T053001_20200630T053033_033242_03D9F7_5127
6;S1A_IW_GRDH_1SDV_20200724T053002_20200724T053031_033592_03E4A8_3B8B;S1A_IW_SLC__1SDV_20200724T053002_20200724T053032_033592_03E4A8_F5D5;S1A_IW_OCN__2SDV_20200724T053002_20200724T053031_033592_03E4A8_C891;S1A_IW_RAW__0SDV_20200724T053002_20200724T053035_033592_03E4A8_50F1
7;S1A_IW_GRDH_1SDV_20200824T052155_20200824T052224_034044_03F3B6_6212;S1A_IW_SLC__1SDV_20200824T052155_20200824T052225_034044_03F3B6_EA99;S1A_IW_OCN__2SDV_20200824T052155_20200824T052224_034044_03F3B6_0534;S1A_IW_RAW__0SDV_20200824T052155_20200824T052227_034044_03F3B6_F3F2
8;S1A_IW_GRDH_1SDV_20200910T053004_20200910T053033_034292_03FC65_77DE;S1A_IW_SLC__1SDV_20200910T053004_20200910T053034_034292_03FC65_1F7A;S1A_IW_OCN__2SDV_20200910T053004_20200910T053033_034292_03FC65_006B;S1A_IW_RAW__0SDV_20200910T053005_20200910T053037_034292_03FC65_EEF5
9;S1A_IW_GRDH_1SDV_20200928T171800_20200928T171831_034562_0405EA_F164 ;S1A_IW_SLC__1SDV_20200928T171759_20200928T171831_034562_0405EA_2228;S1A_IW_OCN__2SDV_20200928T171800_20200928T171831_034562_0405EA_A13B;S1A_IW_RAW__0SDV_20200928T171756_20200928T171831_034562_0405EA_2A56
10;S1A_IW_GRDH_1SDV_20201121T175320_20201121T175345_035350_04214D_0CE8;S1A_IW_SLC__1SDV_20201121T175319_20201121T175346_035350_04214D_710B;S1A_IW_OCN__2SDV_20201121T175320_20201121T175345_035350_04214D_9518;S1A_IW_RAW__0SDV_20201121T175316_20201121T175349_035350_04214D_BC14
11;S1B_IW_GRDH_1SDV_20200511T062007_20200511T062032_021530_028E04_C616;S1B_IW_SLC__1SDV_20200511T062006_20200511T062033_021530_028E04_7727;S1B_IW_OCN__2SDV_20200511T062007_20200511T062032_021530_028E04_6978;S1B_IW_RAW__0SDV_20200511T062003_20200511T062036_021530_028E04_3D90
12;S1B_IW_GRDH_1SDV_20200514T051034_20200514T051059_021573_028F48_8C43;S1B_IW_SLC__1SDV_20200514T051033_20200514T051100_021573_028F48_FFD5;S1B_IW_OCN__2SDV_20200514T051034_20200514T051059_021573_028F48_E6B5;S1B_IW_RAW__0SDV_20200514T051030_20200514T051103_021573_028F48_3421
13;S1B_IW_GRDH_1SDV_20200719T055554_20200719T055619_022536_02AC5E_4DD3;S1B_IW_SLC__1SDV_20200719T055553_20200719T055620_022536_02AC5E_ABAE;S1B_IW_OCN__2SDV_20200719T055554_20200719T055619_022536_02AC5E_532C;S1B_IW_RAW__0SDV_20200719T055550_20200719T055623_022536_02AC5E_9C26
14;S1A_IW_GRDH_1SDV_20200214T174431_20200214T174456_031252_03982E_1024;S1A_IW_SLC__1SDV_20200214T174430_20200214T174457_031252_03982E_1D44;S1A_IW_OCN__2SDV_20200214T174431_20200214T174456_031252_03982E_22F6;S1A_IW_RAW__0SDV_20200214T174427_20200214T174459_031252_03982E_90FB
15;S1A_IW_GRDH_1SDV_20200421T050340_20200421T050405_032221_03BA14_CCA3;S1A_IW_SLC__1SDV_20200421T050338_20200421T050406_032221_03BA14_7DD2;S1A_IW_OCN__2SDV_20200421T050340_20200421T050405_032221_03BA14_6F18;S1A_IW_RAW__0SDV_20200421T050336_20200421T050408_032221_03BA14_71DC
16;S1A_IW_GRDH_1SDV_20200126T175311_20200126T175336_030975_038E94_BAE3;S1A_IW_SLC__1SDV_20200126T175310_20200126T175337_030975_038E94_D249;S1A_IW_OCN__2SDV_20200126T175311_20200126T175336_030975_038E94_E8EC;S1A_IW_RAW__0SDV_20200126T175307_20200126T175340_030975_038E94_08CA
17;S1A_IW_GRDH_1SDV_20200226T052146_20200226T052215_031419_039DEC_689A;S1A_IW_SLC__1SDV_20200226T052146_20200226T052216_031419_039DEC_1B76;S1A_IW_OCN__2SDV_20200226T051229_20200226T051254_031419_039DEA_8AC2;S1A_IW_RAW__0SDV_20200226T052147_20200226T052219_031419_039DEC_6B04
18;S1A_IW_GRDH_1SDV_20200321T174431_20200321T174456_031777_03AA65_8AB1;S1A_IW_SLC__1SDV_20200321T174430_20200321T174457_031777_03AA65_97CA;S1A_IW_OCN__2SDV_20200321T175413_20200321T175438_031777_03AA66_B5B6;S1A_IW_RAW__0SDV_20200321T174427_20200321T174500_031777_03AA65_F35D
19;S1A_IW_GRDH_1SDV_20200403T054836_20200403T054901_031959_03B0CA_B9A4;S1A_IW_SLC__1SDV_20200403T054834_20200403T054901_031959_03B0CA_FD46;S1A_IW_OCN__2SDV_20200403T054836_20200403T054901_031959_03B0CA_C9C0;S1A_IW_RAW__0SDV_20200403T054832_20200403T054904_031959_03B0CA_9667
20;S1A_IW_GRDH_1SDV_20200414T174432_20200414T174457_032127_03B6BD_C3BA;S1A_IW_SLC__1SDV_20200414T174431_20200414T174458_032127_03B6BD_BBB0;S1A_IW_OCN__2SDV_20200414T174432_20200414T174457_032127_03B6BD_4EE7;S1A_IW_RAW__0SDV_20200414T174428_20200414T174500_032127_03B6BD_8DA9
21;S1A_IW_GRDH_1SDV_20200427T054836_20200427T054901_032309_03BD1A_2692;S1A_IW_SLC__1SDV_20200427T054835_20200427T054902_032309_03BD1A_0BE5;S1A_IW_OCN__2SDV_20200427T054836_20200427T054901_032309_03BD1A_F16F;S1A_IW_RAW__0SDV_20200427T054833_20200427T054905_032309_03BD1A_734E
22;S1A_IW_GRDH_1SDV_20200427T054901_20200427T054926_032309_03BD1A_006F;S1A_IW_SLC__1SDV_20200427T054900_20200427T054928_032309_03BD1A_6DE0;S1A_IW_OCN__2SDV_20200427T054901_20200427T054926_032309_03BD1A_A15A;S1A_IW_RAW__0SDV_20200427T054858_20200427T054930_032309_03BD1A_5221
23;S1A_IW_GRDH_1SDV_20200501T051927_20200501T051952_032367_03BF2F_4157;S1A_IW_SLC__1SDV_20200501T051926_20200501T051953_032367_03BF2F_45CD;S1A_IW_OCN__2SDV_20200501T051927_20200501T051952_032367_03BF2F_1A42;S1A_IW_RAW__0SDV_20200501T051924_20200501T051956_032367_03BF2F_38C7
24;S1A_IW_GRDH_1SDV_20200520T051117_20200520T051142_032644_03C7E8_CA25;S1A_IW_SLC__1SDV_20200520T051115_20200520T051142_032644_03C7E8_E2BE;S1A_IW_OCN__2SDV_20200520T051117_20200520T051142_032644_03C7E8_B26E;S1A_IW_RAW__0SDV_20200520T051113_20200520T051145_032644_03C7E8_3EEE
25;S1A_IW_GRDH_1SDV_20200522T050605_20200522T050630_032673_03C8C7_2055;S1A_IW_SLC__1SDV_20200522T050603_20200522T050631_032673_03C8C7_E420;S1A_IW_OCN__2SDV_20200522T050605_20200522T050630_032673_03C8C7_4AC5;S1A_IW_RAW__0SDV_20200522T050601_20200522T050633_032673_03C8C7_E7B3
26;S1A_IW_GRDH_1SDV_20200613T051118_20200613T051143_032994_03D25F_C80A;S1A_IW_SLC__1SDV_20200613T051117_20200613T051144_032994_03D25F_B3C5;S1A_IW_OCN__2SDV_20200613T051118_20200613T051143_032994_03D25F_FDB8;S1A_IW_RAW__0SDV_20200613T051114_20200613T051147_032994_03D25F_DCAC
27;S1A_IW_GRDH_1SDV_20200618T051930_20200618T051955_033067_03D4A2_4569;S1A_IW_SLC__1SDV_20200618T051929_20200618T051956_033067_03D4A2_167D;S1A_IW_OCN__2SDV_20200618T051930_20200618T051955_033067_03D4A2_2202;S1A_IW_RAW__0SDV_20200618T051926_20200618T051959_033067_03D4A2_E2AF
28;S1A_IW_GRDH_1SDV_20200731T051121_20200731T051146_033694_03E7BB_F7D2;S1A_IW_SLC__1SDV_20200731T051120_20200731T051147_033694_03E7BB_2AC0;S1A_IW_OCN__2SDV_20200731T051121_20200731T051146_033694_03E7BB_B0F3;S1A_IW_RAW__0SDV_20200731T051117_20200731T051150_033694_03E7BB_097F
29;S1A_IW_GRDH_1SDV_20200807T050321_20200807T050346_033796_03EB07_3170;S1A_IW_SLC__1SDV_20200807T050319_20200807T050346_033796_03EB07_85FB;S1A_IW_OCN__2SDV_20200807T050321_20200807T050346_033796_03EB07_AA5E;S1A_IW_RAW__0SDV_20200807T050317_20200807T050349_033796_03EB07_FD58
30;S1A_IW_GRDH_1SDV_20200831T051420_20200831T051445_034146_03F756_6D5E;S1A_IW_SLC__1SDV_20200831T051418_20200831T051446_034146_03F756_2E58;S1A_IW_OCN__2SDV_20200831T051420_20200831T051445_034146_03F756_CC92;S1A_IW_RAW__0SDV_20200831T051416_20200831T051448_034146_03F756_9A2E
31;S1A_IW_GRDH_1SDV_20200904T171759_20200904T171831_034212_03F991_B096;S1A_IW_SLC__1SDV_20200904T171758_20200904T171831_034212_03F991_8544;S1A_IW_OCN__2SDV_20200904T171759_20200904T171831_034212_03F991_9665;S1A_IW_RAW__0SDV_20200904T171755_20200904T171830_034212_03F991_20F6
32;S1A_IW_GRDH_1SDV_20200907T050726_20200907T050751_034248_03FAD3_34CA;S1A_IW_SLC__1SDV_20200907T050725_20200907T050752_034248_03FAD3_1672;S1A_IW_OCN__2SDV_20200907T050726_20200907T050751_034248_03FAD3_AFAE;S1A_IW_RAW__0SDV_20200907T050722_20200907T050755_034248_03FAD3_E661
33;S1B_IW_GRDH_1SDV_20200221T054745_20200221T054810_020363_026919_B169;S1B_IW_SLC__1SDV_20200221T054744_20200221T054811_020363_026919_0E4E;S1B_IW_OCN__2SDV_20200221T054745_20200221T054810_020363_026919_E12F;S1B_IW_RAW__0SDV_20200221T054741_20200221T054814_020363_026919_8651
34;S1B_IW_GRDH_1SDV_20200402T170912_20200402T170937_020968_027C5A_D1AB;S1B_IW_SLC__1SDV_20200402T170911_20200402T170938_020968_027C5A_2EF6;S1B_IW_OCN__2SDV_20200402T170912_20200402T170937_020968_027C5A_F00F;S1B_IW_RAW__0SDV_20200402T170908_20200402T170941_020968_027C5A_100B
35;S1B_IW_GRDH_1SDV_20200527T054813_20200527T054838_021763_0294E5_40F3;S1B_IW_SLC__1SDV_20200527T054812_20200527T054838_021763_0294E5_89D9;S1B_IW_OCN__2SDV_20200527T054813_20200527T054838_021763_0294E5_4D44;S1B_IW_RAW__0SDV_20200527T054809_20200527T054842_021763_0294E5_8FF0
36;S1B_IW_GRDH_1SDV_20200615T054004_20200615T054029_022040_029D41_AA74;S1B_IW_SLC__1SDV_20200615T054003_20200615T054030_022040_029D41_DDDC;S1B_IW_OCN__2SDV_20200615T054004_20200615T054029_022040_029D41_152C;S1B_IW_RAW__0SDV_20200615T054000_20200615T054033_022040_029D41_3560
37;S1B_IW_GRDH_1SDV_20200620T165738_20200620T165803_022120_029FAC_17D8;S1B_IW_SLC__1SDV_20200620T165737_20200620T165804_022120_029FAC_BB0B;S1B_IW_OCN__2SDV_20200620T165738_20200620T165803_022120_029FAC_5053;S1B_IW_RAW__0SDV_20200620T165735_20200620T165807_022120_029FAC_D4CC
38;S1B_IW_GRDH_1SDV_20200726T165740_20200726T165805_022645_02AFAD_1863;S1B_IW_SLC__1SDV_20200726T165739_20200726T165806_022645_02AFAD_6A9B;S1B_IW_OCN__2SDV_20200726T165740_20200726T165805_022645_02AFAD_5B30;S1B_IW_RAW__0SDV_20200726T165737_20200726T165809_022645_02AFAD_0FBF
39;S1B_IW_GRDH_1SDV_20200803T075721_20200803T075746_022756_02B2FF_033A;S1B_IW_SLC__1SDV_20200803T075720_20200803T075748_022756_02B2FF_E5D2;S1B_IW_OCN__2SDV_20200803T075721_20200803T075746_022756_02B2FF_6002;S1B_IW_RAW__0SDV_20200803T075718_20200803T075750_022756_02B2FF_3E98
40;S1B_IW_GRDH_1SDV_20200807T054752_20200807T054817_022813_02B4C5_9152;S1B_IW_SLC__1SDV_20200807T054751_20200807T054818_022813_02B4C5_01F5;S1B_IW_OCN__2SDV_20200807T054752_20200807T054817_022813_02B4C5_BAE1;S1B_IW_RAW__0SDV_20200807T054748_20200807T054821_022813_02B4C5_8E28
41;S1B_IW_GRDH_1SDV_20200807T054817_20200807T054842_022813_02B4C5_427B;S1B_IW_SLC__1SDV_20200807T054816_20200807T054843_022813_02B4C5_5575;S1B_IW_OCN__2SDV_20200807T054817_20200807T054842_022813_02B4C5_1A9E;S1B_IW_RAW__0SDV_20200807T054813_20200807T054846_022813_02B4C5_39C7
42;S1B_IW_GRDH_1SDV_20200823T051852_20200823T051917_023046_02BC20_01ED;S1B_IW_SLC__1SDV_20200823T051851_20200823T051918_023046_02BC20_FDFA;S1B_IW_OCN__2SDV_20200823T051852_20200823T051917_023046_02BC20_68BC;S1B_IW_RAW__0SDV_20200823T051848_20200823T051920_023046_02BC20_8114
43;S1B_IW_GRDH_1SDV_20200826T054008_20200826T054033_023090_02BD74_B091;S1B_IW_SLC__1SDV_20200826T054007_20200826T054034_023090_02BD74_03D2;S1B_IW_OCN__2SDV_20200826T054008_20200826T054033_023090_02BD74_0DB7;S1B_IW_RAW__0SDV_20200826T054005_20200826T054037_023090_02BD74_DF4D
44;S1B_IW_GRDH_1SDV_20200831T054753_20200831T054818_023163_02BFB2_EBE9;S1B_IW_SLC__1SDV_20200831T054752_20200831T054819_023163_02BFB2_13D6;S1B_IW_OCN__2SDV_20200831T054753_20200831T054818_023163_02BFB2_507B;S1B_IW_RAW__0SDV_20200831T054750_20200831T054822_023163_02BFB2_C85D
45;S1B_IW_GRDH_1SDV_20200905T055557_20200905T055622_023236_02C208_9FE2;S1B_IW_SLC__1SDV_20200905T055556_20200905T055623_023236_02C208_B2C6;S1B_IW_OCN__2SDV_20200905T055622_20200905T055647_023236_02C208_E6C9;S1B_IW_RAW__0SDV_20200905T055553_20200905T055626_023236_02C208_A102
46;S1B_IW_GRDH_1SDV_20200912T054754_20200912T054819_023338_02C52B_F9AA;S1B_IW_SLC__1SDV_20200912T054753_20200912T054820_023338_02C52B_D4CB;S1B_IW_OCN__2SDV_20200912T054754_20200912T054819_023338_02C52B_2BF7;S1B_IW_RAW__0SDV_20200912T054750_20200912T054823_023338_02C52B_6649
47;S1B_IW_GRDH_1SDV_20200922T060416_20200922T060441_023484_02C9BF_7889;S1B_IW_SLC__1SDV_20200922T060415_20200922T060442_023484_02C9BF_EA4B;S1B_IW_OCN__2SDV_20200922T060416_20200922T060441_023484_02C9BF_3E84;S1B_IW_RAW__0SDV_20200922T060412_20200922T060444_023484_02C9BF_0307
48;S1B_IW_GRDH_1SDV_20200929T170921_20200929T170946_023593_02CD35_8971;S1B_IW_SLC__1SDV_20200929T170920_20200929T170947_023593_02CD35_0989;S1B_IW_OCN__2SDV_20200929T170921_20200929T170946_023593_02CD35_50BB;S1B_IW_RAW__0SDV_20200929T170917_20200929T170950_023593_02CD35_01DC
49;S1B_IW_GRDH_1SDV_20201013T054010_20201013T054035_023790_02D350_506A;S1B_IW_SLC__1SDV_20201013T054008_20201013T054035_023790_02D350_04D0;S1B_IW_OCN__2SDV_20201013T054010_20201013T054035_023790_02D350_2F2A;S1B_IW_RAW__0SDV_20201013T054006_20201013T054038_023790_02D350_2232
50;S1B_IW_GRDH_1SDV_20201018T054754_20201018T054819_023863_02D58D_CCCF;S1B_IW_SLC__1SDV_20201018T054753_20201018T054820_023863_02D58D_8CE7;S1B_IW_OCN__2SDV_20201018T054754_20201018T054819_023863_02D58D_50BA;S1B_IW_RAW__0SDV_20201018T054751_20201018T054823_023863_02D58D_5BFF
